timestamp,spy_price,spy_rsi,spy_ma200_dev,qqq_price,qqq_rsi,qqq_ma200_dev,vix,fear_greed,funnel_score,triggers
2026-05-22 14:01:02 UTC,7483.72,71.5,9.93,29511.58,73.45,16.84,16.93,61.4,0,
2026-05-22 14:15:16 UTC,7473.94,71.07,9.79,29488.38,73.3,16.75,16.82,60.5,0,
2026-05-22 14:21:37 UTC,7470.06,70.9,9.73,29460.9,73.11,16.64,16.92,60.2,0,
2026-05-25 15:20:36 UTC,7473.47,71.05,9.78,29481.64,73.25,16.72,16.69,58.6,0,
2026-06-01 17:54:00 UTC,7615.48,69.42,11.39,30628.05,69.24,20.47,15.85,59.6,0,
2026-06-08 16:06:22 UTC,7444.29,53.16,8.46,29596.2,56.82,15.68,18.25,43.8,0,
2026-06-15 17:23:03 UTC,7573.56,53.22,9.96,30548.36,54.7,18.71,16.03,42.0,0,
2026-06-22 17:06:47 UTC,7469.47,43.42,8.13,30226.25,47.96,16.86,17.21,36.1,0,
2026-06-29 15:57:55 UTC,7409.03,50.2,6.92,29528.87,50.86,13.55,18.03,26.5,0,
